<?xml version="1.0" encoding="UTF-8"?>
<T3locallangExt>
  <data type="array">
    <languageKey index="eu" type="array">
			<label index="activateChanges"/>
			<label index="adminFunctions"/>
			<label index="beUser_email"/>
			<label index="beUser_realName"/>
			<label index="clearSessionVars"/>
			<label index="clearSessionVarsQuestion"/>
			<label index="clearSessionVarsShort"/>
			<label index="condensedMode"/>
			<label index="copyLevels"/>
			<label index="debugInWindow"/>
			<label index="default"/>
			<label index="disableCMlayers"/>
			<label index="edit_docModuleUpload"/>
			<label index="edit_functions"/>
			<label index="editFunctionsTab"/>
			<label index="edit_RTE"/>
			<label index="edit_showFieldHelp"/>
			<label index="edit_showFieldHelp_icon"/>
			<label index="edit_showFieldHelp_message"/>
			<label index="edit_showFieldHelp_none"/>
			<label index="edit_wideDocument"/>
			<label index="emailMeAtLogin"/>
			<label index="enableFlashUploader"/>
			<label index="enableInstallTool.createFile"/>
			<label index="enableInstallTool.deleteFile"/>
			<label index="enableInstallTool.file"/>
			<label index="enableInstallTool.fileCreate_failed"/>
			<label index="enableInstallTool.fileCreate_ok"/>
			<label index="enableInstallTool.fileDelete_failed"/>
			<label index="enableInstallTool.fileDelete_ok"/>
			<label index="enableInstallTool.fileHasKeep"/>
			<label index="enableInstallTool.label"/>
			<label index="flexibleTextareas_MaxHeight"/>
			<label index="functions"/>
			<label index="helpText"/>
			<label index="lang_af"/>
			<label index="lang_ar"/>
			<label index="lang_ba"/>
			<label index="lang_bg"/>
			<label index="lang_br"/>
			<label index="lang_bs"/>
			<label index="lang_ca"/>
			<label index="lang_ch"/>
			<label index="lang_cs"/>
			<label index="lang_cz"/>
			<label index="lang_da"/>
			<label index="lang_de"/>
			<label index="lang_default"/>
			<label index="lang_dk"/>
			<label index="lang_el"/>
			<label index="lang_eo"/>
			<label index="lang_es"/>
			<label index="lang_et"/>
			<label index="lang_eu"/>
			<label index="lang_fa"/>
			<label index="lang_fi"/>
			<label index="lang_fo"/>
			<label index="lang_fr"/>
			<label index="lang_fr_CA"/>
			<label index="lang_ga"/>
			<label index="lang_ge"/>
			<label index="lang_gl"/>
			<label index="lang_gr"/>
			<label index="lang_he"/>
			<label index="lang_hi"/>
			<label index="lang_hk"/>
			<label index="lang_hr"/>
			<label index="lang_hu"/>
			<label index="lang_is"/>
			<label index="lang_it"/>
			<label index="lang_ja"/>
			<label index="lang_jp"/>
			<label index="lang_ka"/>
			<label index="lang_kl"/>
			<label index="lang_km"/>
			<label index="lang_ko"/>
			<label index="lang_kr"/>
			<label index="lang_lt"/>
			<label index="lang_lv"/>
			<label index="lang_ms"/>
			<label index="lang_my"/>
			<label index="lang_nl"/>
			<label index="lang_no"/>
			<label index="lang_pl"/>
			<label index="lang_pt"/>
			<label index="lang_pt_BR"/>
			<label index="lang_qc"/>
			<label index="lang_ro"/>
			<label index="lang_ru"/>
			<label index="lang_se"/>
			<label index="lang_si"/>
			<label index="lang_sk"/>
			<label index="lang_sl"/>
			<label index="lang_sq"/>
			<label index="lang_sr"/>
			<label index="lang_sv"/>
			<label index="lang_th"/>
			<label index="lang_tr"/>
			<label index="lang_ua"/>
			<label index="language"/>
			<label index="lang_uk"/>
			<label index="lang_vi"/>
			<label index="lang_vn"/>
			<label index="lang_zh"/>
			<label index="levels"/>
			<label index="maxTitleLen"/>
			<label index="newPassword"/>
			<label index="newPasswordAgain"/>
			<label index="newPassword_failed"/>
			<label index="newPassword_ok"/>
			<label index="noMenuMode"/>
			<label index="noMenuMode_def"/>
			<label index="noMenuMode_icons"/>
			<label index="noMenuMode_sel"/>
			<label index="opening"/>
			<label index="personal_data"/>
			<label index="recursiveDelete"/>
			<label index="resetConfiguration"/>
			<label index="resetConfigurationShort"/>
			<label index="resetSectionHeader"/>
			<label index="resizeTextareas"/>
			<label index="resizeTextareas_Flexible"/>
			<label index="resizeTextareas_MaxHeight"/>
			<label index="save"/>
			<label index="settingsAreReset"/>
			<label index="setToStandard"/>
			<label index="setToStandardQuestion"/>
			<label index="setupWasUpdated"/>
			<label index="showHiddenFilesAndFolders"/>
			<label index="showThumbs"/>
			<label index="simulate"/>
			<label index="startModule"/>
			<label index="tempDataCleared"/>
			<label index="tempDataClearedFlashMessage"/>
			<label index="tempDataClearedLog"/>
			<label index="UserSettings"/>
		</languageKey>
  </data>
</T3locallangExt>
