<?xml version="1.0" encoding="UTF-8"?>
<T3locallangExt>
  <data type="array">
    <languageKey index="eu" type="array">
			<label index="allowPreviewOfWholeWorkspace"/>
			<label index="approveAllToPublish"/>
			<label index="approveForPublishing"/>
			<label index="approveToPublish"/>
			<label index="archive"/>
			<label index="autopublishTask.description"/>
			<label index="autopublishTask.name"/>
			<label index="branch"/>
			<label index="change"/>
			<label index="clickAPage_content"/>
			<label index="clickAPage_header"/>
			<label index="cmdPid0"/>
			<label index="cmdPid1"/>
			<label index="cmdPid100"/>
			<label index="coloredDiffView"/>
			<label index="comment"/>
			<label index="commentForPublisher"/>
			<label index="commentForReviewer"/>
			<label index="completeMatch"/>
			<label index="controls"/>
			<label index="createNewVersion"/>
			<label index="currentOnlineVersion"/>
			<label index="defaultDraft"/>
			<label index="deletedElement"/>
			<label index="diff"/>
			<label index="diffing"/>
			<label index="diffToLiveElement"/>
			<label index="draft"/>
			<label index="draftWorkspaces"/>
			<label index="editing"/>
			<label index="element"/>
			<label index="errorDiffSources"/>
			<label index="errorRecordsNotFound"/>
			<label index="errors"/>
			<label index="fieldname"/>
			<label index="filter_all"/>
			<label index="filter_archive"/>
			<label index="filter_drafts"/>
			<label index="goBack"/>
			<label index="lifecycle"/>
			<label index="live"/>
			<label index="liveVersion"/>
			<label index="liveWorkspace"/>
			<label index="mlang_labels_tabdescr"/>
			<label index="mlang_labels_tablabel"/>
			<label index="mlang_tabs_tab"/>
			<label index="moveToPlaceholder"/>
			<label index="moveToPointer"/>
			<label index="multipleVersions"/>
			<label index="newElement"/>
			<label index="notAvailable"/>
			<label index="offline"/>
			<label index="otherVersions"/>
			<label index="page"/>
			<label index="previewInstruction"/>
			<label index="previewLink"/>
			<label index="previewUrl"/>
			<label index="publish"/>
			<label index="publishedXTimes"/>
			<label index="publishPage"/>
			<label index="publishPageQuestion"/>
			<label index="publishPageQuestionStage"/>
			<label index="recordsMatchesCompletely"/>
			<label index="refresh"/>
			<label index="rejected"/>
			<label index="rejectExplain"/>
			<label index="removeFromWorkspace"/>
			<label index="resetStage"/>
			<label index="review"/>
			<label index="sendAllToReview"/>
			<label index="sendItemsToReview"/>
			<label index="sendToReview"/>
			<label index="showAllInformation"/>
			<label index="showDiffView"/>
			<label index="showLog"/>
			<label index="stage.approvedForPublish"/>
			<label index="stage.rejectedElement"/>
			<label index="stage.resetToEdit"/>
			<label index="stage.sentToReview"/>
			<label index="stage.undefined"/>
			<label index="subElements"/>
			<label index="subElementsClick"/>
			<label index="swap"/>
			<label index="swapPage"/>
			<label index="swapPageQuestion"/>
			<label index="swapWithCurrent"/>
			<label index="tblHeaderDesc_pid"/>
			<label index="tblHeaderDesc_t3ver_count"/>
			<label index="tblHeaderDesc_t3ver_id"/>
			<label index="tblHeaderDesc_t3ver_label"/>
			<label index="tblHeaderDesc_t3ver_oid"/>
			<label index="tblHeaderDesc_t3ver_stage"/>
			<label index="tblHeaderDesc_t3ver_state"/>
			<label index="tblHeaderDesc_t3ver_wsid"/>
			<label index="tblHeaderDesc_title"/>
			<label index="tblHeaderDesc_uid"/>
			<label index="tblHeader_pid"/>
			<label index="tblHeader_t3ver_count"/>
			<label index="tblHeader_t3ver_id"/>
			<label index="tblHeader_t3ver_label"/>
			<label index="tblHeader_t3ver_oid"/>
			<label index="tblHeader_t3ver_stage"/>
			<label index="tblHeader_t3ver_state"/>
			<label index="tblHeader_t3ver_wsid"/>
			<label index="tblHeader_title"/>
			<label index="tblHeader_uid"/>
			<label index="title"/>
			<label index="title_review"/>
			<label index="undefined"/>
			<label index="userComment"/>
			<label index="versionDetails"/>
			<label index="versionId"/>
			<label index="versionInVersion"/>
			<label index="versionSelect.inBranch"/>
			<label index="versionSelect.label"/>
			<label index="versionSelect.live"/>
			<label index="versionSelect.publish"/>
			<label index="versionSelect.versionsFound"/>
			<label index="workspace"/>
			<label index="workspaceId"/>
			<label index="wsManagement"/>
			<label index="wsVersions"/>
		</languageKey>
  </data>
</T3locallangExt>
