<?xml version="1.0" encoding="UTF-8"?>
<T3locallangExt>
  <data type="array">
    <languageKey index="eu" type="array">
			<label index=".alttitle"/>
			<label index=".description"/>
			<label index=".details"/>
			<label index="_.image"/>
			<label index=".image_descr"/>
			<label index="language.alttitle"/>
			<label index="language.description"/>
			<label index="language.details"/>
			<label index="_language.image"/>
			<label index="language.image_descr"/>
			<label index="option_beUser_email.alttitle"/>
			<label index="option_beUser_email.description"/>
			<label index="option_beUser_realName.alttitle"/>
			<label index="option_beUser_realName.description"/>
			<label index="option_condensedMode.alttitle"/>
			<label index="option_condensedMode.description"/>
			<label index="_option_condensedMode.image"/>
			<label index="option_condensedMode.image_descr"/>
			<label index="_option_condensedMode.seeAlso"/>
			<label index="option_copyLevels.alttitle"/>
			<label index="option_copyLevels.description"/>
			<label index="option_disableCMlayers.alttitle"/>
			<label index="option_disableCMlayers.description"/>
			<label index="_option_disableCMlayers.image"/>
			<label index="option_disableCMlayers.image_descr"/>
			<label index="option_edit_docModuleUpload.alttitle"/>
			<label index="option_edit_docModuleUpload.description"/>
			<label index="option_edit_docModuleUpload.details"/>
			<label index="_option_edit_docModuleUpload.image"/>
			<label index="option_edit_RTE.alttitle"/>
			<label index="option_edit_RTE.description"/>
			<label index="option_edit_RTE.details"/>
			<label index="_option_edit_RTE.image"/>
			<label index="option_edit_showFieldHelp.alttitle"/>
			<label index="option_edit_showFieldHelp.description"/>
			<label index="option_edit_showFieldHelp.details"/>
			<label index="_option_edit_showFieldHelp.image"/>
			<label index="option_edit_showFieldHelp.image_descr"/>
			<label index="option_edit_wideDocument.alttitle"/>
			<label index="option_edit_wideDocument.description"/>
			<label index="option_emailMeAtLogin.alttitle"/>
			<label index="option_emailMeAtLogin.description"/>
			<label index="option_enableFlashUploader.alttitle"/>
			<label index="option_enableFlashUploader.description"/>
			<label index="option_enableInstallTool.alttitle"/>
			<label index="option_enableInstallTool.description"/>
			<label index="option_flexibleTextareas_MaxHeight.alttitle"/>
			<label index="option_flexibleTextareas_MaxHeight.description"/>
			<label index="option_helpText.alttitle"/>
			<label index="option_helpText.description"/>
			<label index="option_maxTitleLen.alttitle"/>
			<label index="option_maxTitleLen.description"/>
			<label index="_option_maxTitleLen.image"/>
			<label index="option_maxTitleLen.image_descr"/>
			<label index="option_newPasswordAgain.alttitle"/>
			<label index="option_newPasswordAgain.description"/>
			<label index="option_newPassword.alttitle"/>
			<label index="option_newPassword.description"/>
			<label index="option_newPassword.details"/>
			<label index="option_noMenuMode.alttitle"/>
			<label index="option_noMenuMode.description"/>
			<label index="option_noMenuMode.details"/>
			<label index="_option_noMenuMode.image"/>
			<label index="option_noMenuMode.image_descr"/>
			<label index="_option_noMenuMode.seeAlso"/>
			<label index="option_recursiveDelete.alttitle"/>
			<label index="option_recursiveDelete.description"/>
			<label index="option_recursiveDelete.details"/>
			<label index="option_resizeTextareas.alttitle"/>
			<label index="option_resizeTextareas.description"/>
			<label index="option_resizeTextareas_Flexible.alttitle"/>
			<label index="option_resizeTextareas_Flexible.description"/>
			<label index="option_resizeTextareas_MaxHeight.alttitle"/>
			<label index="option_resizeTextareas_MaxHeight.description"/>
			<label index="option_showHiddenFilesAndFolders.description"/>
			<label index="option_showHiddenFilesAndFolders.details"/>
			<label index="option_showThumbs.alttitle"/>
			<label index="option_showThumbs.description"/>
			<label index="_option_showThumbs.image"/>
			<label index="option_showThumbs.image_descr"/>
			<label index="option_startModule.alttitle"/>
			<label index="option_startModule.description"/>
			<label index="reset.alttitle"/>
			<label index="reset.description"/>
			<label index="reset.details"/>
			<label index="_.seeAlso"/>
			<label index="simuser.alttitle"/>
			<label index="simuser.description"/>
		</languageKey>
  </data>
</T3locallangExt>
