<?xml version="1.0" encoding="UTF-8"?>
<T3locallangExt>
  <data type="array">
    <languageKey index="eu" type="array">
			<label index="action_BEu_db_mount"/>
			<label index="action_BEu_email"/>
			<label index="action_BEu_hidden"/>
			<label index="action_BEu_password"/>
			<label index="action_BEu_realName"/>
			<label index="action_BEu_usergroups"/>
			<label index="action_BEu_username"/>
			<label index="action_Create"/>
			<label index="action_createQuery"/>
			<label index="action_download_file"/>
			<label index="action_editQuery"/>
			<label index="action_emptyQuery"/>
			<label index="action_error"/>
			<label index="action_error-access"/>
			<label index="action_error-not-found"/>
			<label index="action_lowlevelMissing"/>
			<label index="action_not-found"/>
			<label index="action_not-found-description"/>
			<label index="action_notReady"/>
			<label index="action_noType"/>
			<label index="action_t1_legend_configuration"/>
			<label index="action_t1_legend_generalFields"/>
			<label index="action_t1_listOfUsers"/>
			<label index="action_t2_result"/>
			<label index="action_t4_edit"/>
			<label index="action_toolbaritem"/>
			<label index="action_Update"/>
			<label index="description"/>
			<label index="edit-sys_action"/>
			<label index="error-password-empty"/>
			<label index="error-username-empty"/>
			<label index="error-wrong-email"/>
			<label index="error-wrong-user"/>
			<label index="new-sys_action"/>
			<label index="success"/>
			<label index="success-user-created"/>
			<label index="success-user-updated"/>
			<label index="sys_action"/>
		</languageKey>
  </data>
</T3locallangExt>
