<?xml version="1.0" encoding="UTF-8"?>
<T3locallangExt>
  <data type="array">
    <languageKey index="eu" type="array">
			<label index="advancedQuery"/>
			<label index="beingChecked"/>
			<label index="checkNow"/>
			<label index="checkScript"/>
			<label index="checkScript_check_description"/>
			<label index="checkScript_check_example"/>
			<label index="checkScript_headline"/>
			<label index="checkScript_information"/>
			<label index="checkScript_more"/>
			<label index="checkScript_moreDetails"/>
			<label index="checkScript_update_description"/>
			<label index="checkScript_update_example"/>
			<label index="clickToTestRefIndex"/>
			<label index="clickToUpdateRefIndex"/>
			<label index="count"/>
			<label index="countResults"/>
			<label index="csvExport"/>
			<label index="databaseRelations"/>
			<label index="deleted_pages"/>
			<label index="directories"/>
			<label index="directoriesTooDeep"/>
			<label index="doktype"/>
			<label index="doktype_value"/>
			<label index="dontUseOrigValues"/>
			<label index="enterRegexPattern"/>
			<label index="explainQuery"/>
			<label index="files"/>
			<label index="filesearch"/>
			<label index="filesearch_description"/>
			<label index="files_many_ref"/>
			<label index="files_no_file"/>
			<label index="files_no_ref"/>
			<label index="findFilename"/>
			<label index="fixLostRecord"/>
			<label index="fullSearch"/>
			<label index="group_db"/>
			<label index="hidden_pages"/>
			<label index="isMissing"/>
			<label index="label"/>
			<label index="manageRefIndex"/>
			<label index="matchingFiles"/>
			<label index="menu"/>
			<label index="no_files_found"/>
			<label index="notChecked"/>
			<label index="pages"/>
			<label index="pattern"/>
			<label index="rawSearch"/>
			<label index="records"/>
			<label index="records_description"/>
			<label index="recordStatistics"/>
			<label index="referencedFrom"/>
			<label index="referenceIndex_buttonCheck"/>
			<label index="referenceIndex_buttonUpdate"/>
			<label index="referenceIndex_description"/>
			<label index="references"/>
			<label index="refindex"/>
			<label index="refindex_description"/>
			<label index="relations"/>
			<label index="relations_description"/>
			<label index="result"/>
			<label index="search"/>
			<label index="searchButton"/>
			<label index="search_description"/>
			<label index="searchingForFilenames"/>
			<label index="searchOptions"/>
			<label index="select_db"/>
			<label index="selectRecords"/>
			<label index="showDeleted"/>
			<label index="showSQL"/>
			<label index="sortOptions"/>
			<label index="tablename"/>
			<label index="tables"/>
			<label index="title"/>
			<label index="total_lost"/>
			<label index="total_pages"/>
			<label index="totalPageTree"/>
			<label index="tree"/>
			<label index="tree_description"/>
			<label index="updateNow"/>
			<label index="updateRefIndex"/>
			<label index="useFormattedStrings"/>
			<label index="xmlExport"/>
		</languageKey>
  </data>
</T3locallangExt>
