<?xml version="1.0" encoding="UTF-8"?>
<T3locallangExt>
  <data type="array">
    <languageKey index="eu" type="array">
			<label index="error-access"/>
			<label index="error_header"/>
			<label index="error_no-instance"/>
			<label index="lCancel"/>
			<label index="lCreate"/>
			<label index="lDelete"/>
			<label index="lDelete_warning"/>
			<label index="lHomedir"/>
			<label index="listSeparator_Groups"/>
			<label index="lNone"/>
			<label index="lReplyAddress"/>
			<label index="lSelf"/>
			<label index="lSendNew"/>
			<label index="lSendReply"/>
			<label index="lUpdate"/>
			<label index="mlang_tabs_tab"/>
			<label index="no-tasks"/>
			<label index="taskcenter-about"/>
			<label index="taskcenter-admin"/>
			<label index="taskcenter-adminheader"/>
			<label index="task_description"/>
			<label index="task_overview"/>
		</languageKey>
  </data>
</T3locallangExt>
