<?xml version="1.0" encoding="UTF-8"?>
<T3locallangExt>
  <data type="array">
    <languageKey index="eu" type="array">
			<label index="action.alttitle"/>
			<label index="action.description"/>
			<label index="_action.image"/>
			<label index="action.image_descr"/>
			<label index=".alttitle"/>
			<label index=".description"/>
			<label index="enableLogging.alttitle"/>
			<label index="enableLogging.description"/>
			<label index="excludedElements.alttitle"/>
			<label index="excludedElements.description"/>
			<label index="_excludedElements.image"/>
			<label index="export.alttitle"/>
			<label index="export.description"/>
			<label index="export.details"/>
			<label index="_export.image"/>
			<label index="export.image_descr"/>
			<label index="_export.seeAlso"/>
			<label index="extensionDependencies.alttitle"/>
			<label index="extensionDependencies.description"/>
			<label index="extensionDependencies.details"/>
			<label index="_extensionDependencies.image"/>
			<label index="fileFormat.alttitle"/>
			<label index="fileFormat.description"/>
			<label index="fileFormat.details"/>
			<label index="_fileFormat.image"/>
			<label index="htmlCssResources.alttitle"/>
			<label index="htmlCssResources.description"/>
			<label index="htmlCssResources.details"/>
			<label index="_htmlCssResources.image"/>
			<label index="htmlCssResources.image_descr"/>
			<label index="_.image"/>
			<label index=".image_descr"/>
			<label index="import.alttitle"/>
			<label index="import.description"/>
			<label index="import.details"/>
			<label index="importFile.alttitle"/>
			<label index="importFile.description"/>
			<label index="_importFile.image"/>
			<label index="_importFile.seeAlso"/>
			<label index="_import.image"/>
			<label index="_import.seeAlso"/>
			<label index="inclRelations.alttitle"/>
			<label index="inclRelations.description"/>
			<label index="inclRelations.details"/>
			<label index="_inclRelations.image"/>
			<label index="inclRelations.image_descr"/>
			<label index="metadata.alttitle"/>
			<label index="metadata.description"/>
			<label index="metadata.details"/>
			<label index="_metadata.image"/>
			<label index="no-presets"/>
			<label index="notes"/>
			<label index="options.alttitle"/>
			<label index="options.description"/>
			<label index="options.details"/>
			<label index="_options.image"/>
			<label index="options.image_descr"/>
			<label index="pageTreeCfg.alttitle"/>
			<label index="pageTreeCfg.description"/>
			<label index="_pageTreeCfg.image"/>
			<label index="pageTreeDisplay.alttitle"/>
			<label index="pageTreeDisplay.description"/>
			<label index="pageTreeMode.alttitle"/>
			<label index="pageTreeMode.description"/>
			<label index="pageTreeMode.details"/>
			<label index="_pageTreeMode.image"/>
			<label index="pageTreeRecordLimit.alttitle"/>
			<label index="pageTreeRecordLimit.description"/>
			<label index="pageTreeRecordLimit.details"/>
			<label index="presets.alttitle"/>
			<label index="presets.description"/>
			<label index="presets.details"/>
			<label index="_presets.image"/>
			<label index="presets.image_descr"/>
			<label index="single-record"/>
			<label index="singleRecord.alttitle"/>
			<label index="singleRecord.description"/>
			<label index="_singleRecord.image"/>
			<label index="singleRecord.image_descr"/>
			<label index="staticRelations.alttitle"/>
			<label index="staticRelations.description"/>
			<label index="staticRelations.details"/>
			<label index="_staticRelations.image"/>
			<label index="staticRelations.image_descr"/>
			<label index="tableList.alttitle"/>
			<label index="tableList.description"/>
			<label index="tableList.details"/>
			<label index="_tableList.image"/>
			<label index="tableList.image_descr"/>
			<label index="tableListMaxNumber.alttitle"/>
			<label index="tableListMaxNumber.description"/>
			<label index="task.icon"/>
			<label index="task.meta"/>
			<label index="task.own"/>
			<label index="task.owner"/>
			<label index="task.page"/>
			<label index="task.path"/>
			<label index="task.public"/>
			<label index="task.title"/>
			<label index="update.alttitle"/>
			<label index="update.description"/>
			<label index="update.details"/>
			<label index="_update.image"/>
			<label index="update.image_descr"/>
			<label index="upload.alttitle"/>
			<label index="upload.description"/>
			<label index="upload.details"/>
		</languageKey>
  </data>
</T3locallangExt>
