<?xml version="1.0" encoding="UTF-8"?>
<T3locallangExt>
  <data type="array">
    <languageKey index="eu" type="array">
			<label index="constants"/>
			<label index="deactivate"/>
			<label index="delimiter"/>
			<label index="file"/>
			<label index="js.label_documentModified"/>
			<label index="js.label_errorWhileSaving"/>
			<label index="js.label_lines"/>
			<label index="noPermission"/>
			<label index="pageIDInteger"/>
			<label index="setup"/>
			<label index="template"/>
			<label index="typeIDMissing"/>
			<label index="unknownContentType"/>
		</languageKey>
  </data>
</T3locallangExt>
