<?xml version="1.0" encoding="UTF-8"?>
<T3locallangExt>
  <data type="array">
    <languageKey index="eu" type="array">
			<label index="abstract.description"/>
			<label index="abstract.details"/>
			<label index="_abstract.seeAlso"/>
			<label index="alias.description"/>
			<label index="alias.details"/>
			<label index="alias.syntax"/>
			<label index="author.description"/>
			<label index="author.details"/>
			<label index="author_email.description"/>
			<label index="_author_email.seeAlso"/>
			<label index="_author.seeAlso"/>
			<label index="backend_layout.description"/>
			<label index="backend_layout.details"/>
			<label index="backend_layout_next_level.description"/>
			<label index="backend_layout_next_level.details"/>
			<label index="_backend_layout_next_level.seeAlso"/>
			<label index="_backend_layout.seeAlso"/>
			<label index="cache_timeout.description"/>
			<label index="cache_timeout.details"/>
			<label index="_cache_timeout.seeAlso"/>
			<label index="content_from_pid.description"/>
			<label index="description.description"/>
			<label index="description.details"/>
			<label index="_description.seeAlso"/>
			<label index="doktype.description"/>
			<label index="doktype.details"/>
			<label index="_doktype.seeAlso"/>
			<label index="endtime.description"/>
			<label index="_endtime.seeAlso"/>
			<label index="endtime.syntax"/>
			<label index="extendToSubpages.description"/>
			<label index="extendToSubpages.details"/>
			<label index="_extendToSubpages.image"/>
			<label index="extendToSubpages.image_descr"/>
			<label index="_extendToSubpages.seeAlso"/>
			<label index="fe_group.description"/>
			<label index="_fe_group.image"/>
			<label index="_fe_group.seeAlso"/>
			<label index="hidden.description"/>
			<label index="hidden.details"/>
			<label index="_hidden.image"/>
			<label index="hidden.image_descr"/>
			<label index="_hidden.seeAlso"/>
			<label index="keywords.description"/>
			<label index="keywords.details"/>
			<label index="_keywords.seeAlso"/>
			<label index="l18n_cfg.description"/>
			<label index="l18n_cfg.details"/>
			<label index="lastUpdated.description"/>
			<label index="lastUpdated.details"/>
			<label index="lastUpdated.syntax"/>
			<label index="layout.description"/>
			<label index="layout.details"/>
			<label index="media.description"/>
			<label index="media.details"/>
			<label index="module.description"/>
			<label index="module.details"/>
			<label index="mount_pid.description"/>
			<label index="mount_pid.details"/>
			<label index="mount_pid_ol.description"/>
			<label index="_mount_pid_ol.seeAlso"/>
			<label index="_mount_pid.seeAlso"/>
			<label index="nav_hide.description"/>
			<label index="_nav_hide.seeAlso"/>
			<label index="nav_title.description"/>
			<label index="newUntil.description"/>
			<label index="newUntil.details"/>
			<label index="_newUntil.seeAlso"/>
			<label index="newUntil.syntax"/>
			<label index="no_cache.description"/>
			<label index="no_cache.details"/>
			<label index="_no_cache.seeAlso"/>
			<label index="no_search.description"/>
			<label index="_.seeAlso"/>
			<label index="shortcut.description"/>
			<label index="shortcut.details"/>
			<label index="_shortcut.image"/>
			<label index="shortcut.image_descr"/>
			<label index="shortcut_mode.description"/>
			<label index="_shortcut.seeAlso"/>
			<label index="starttime.description"/>
			<label index="_starttime.seeAlso"/>
			<label index="starttime.syntax"/>
			<label index="subtitle.description"/>
			<label index="subtitle.details"/>
			<label index="target.description"/>
			<label index="target.details"/>
			<label index="title.description.+"/>
			<label index="TSconfig.details.+"/>
			<label index="url.description"/>
			<label index="url.details"/>
			<label index="_url.seeAlso"/>
			<label index="urltype.description"/>
		</languageKey>
  </data>
</T3locallangExt>
