<?xml version="1.0" encoding="UTF-8"?>
<T3locallangExt>
  <data type="array">
    <languageKey index="eu" type="array">
			<label index="default_search_word_entry"/>
			<label index="form_atATime"/>
			<label index="form_extResume"/>
			<label index="form_freeIndexUid"/>
			<label index="form_fromSection"/>
			<label index="form_legend"/>
			<label index="form_match"/>
			<label index="form_orderBy"/>
			<label index="form_searchFor"/>
			<label index="form_searchIn"/>
			<label index="form_style"/>
			<label index="inNsection"/>
			<label index="inNsections"/>
			<label index="inSection"/>
			<label index="link_advancedSearch"/>
			<label index="link_regularSearch"/>
			<label index="local_operator_AND"/>
			<label index="local_operator_NOT"/>
			<label index="local_operator_OR"/>
			<label index="makerating_addToCurrentSearch"/>
			<label index="maketitle_matches"/>
			<label index="noResults"/>
			<label index="opt_defOp_0"/>
			<label index="opt_defOp_1"/>
			<label index="opt_desc_0"/>
			<label index="opt_desc_1"/>
			<label index="opt_freeIndexUid_0"/>
			<label index="opt_freeIndexUid_-1"/>
			<label index="opt_freeIndexUid_-2"/>
			<label index="opt_freeIndexUid_header_0"/>
			<label index="opt_freeIndexUid_header_-1"/>
			<label index="opt_group_flat"/>
			<label index="opt_group_sections"/>
			<label index="opt_lang_0"/>
			<label index="opt_lang_-1"/>
			<label index="opt_media_0"/>
			<label index="opt_media_-1"/>
			<label index="opt_media_-2"/>
			<label index="opt_order_crdate"/>
			<label index="opt_order_mtime"/>
			<label index="opt_order_rank_count"/>
			<label index="opt_order_rank_first"/>
			<label index="opt_order_rank_flag"/>
			<label index="opt_order_rank_freq"/>
			<label index="opt_order_title"/>
			<label index="opt_RL1"/>
			<label index="opt_RL1ALL"/>
			<label index="opt_RL2"/>
			<label index="opt_RL2ALL"/>
			<label index="opt_sections_0"/>
			<label index="opt_sections_-1"/>
			<label index="opt_sections_-2"/>
			<label index="opt_sections_-3"/>
			<label index="opt_type_0"/>
			<label index="opt_type_1"/>
			<label index="opt_type_10"/>
			<label index="opt_type_2"/>
			<label index="opt_type_20"/>
			<label index="opt_type_3"/>
			<label index="pi_list_browseresults_display"/>
			<label index="pi_list_browseresults_next"/>
			<label index="pi_list_browseresults_page"/>
			<label index="pi_list_browseresults_prev"/>
			<label index="pi_wizard_description"/>
			<label index="pi_wizard_title"/>
			<label index="res_created"/>
			<label index="res_memberGroups"/>
			<label index="res_modified"/>
			<label index="res_noResume"/>
			<label index="res_otherMatching"/>
			<label index="res_otherPageAsWell"/>
			<label index="res_path"/>
			<label index="res_size"/>
			<label index="rules_header"/>
			<label index="rules_text"/>
			<label index="searchFor"/>
			<label index="searchFor_and"/>
			<label index="searchFor_butNot"/>
			<label index="searchFor_or"/>
			<label index="submit_button_label"/>
			<label index="unnamedSection"/>
			<label index="word_page"/>
			<label index="word_pages"/>
		</languageKey>
  </data>
</T3locallangExt>
