<?xml version="1.0" encoding="UTF-8"?>
<T3locallangExt>
  <data type="array">
    <languageKey index="eu" type="array">
			<label index="tt_content.tx_cssstyledcontent_acctables"/>
			<label index="tt_content.tx_cssstyledcontent_acctables_caption"/>
			<label index="tt_content.tx_cssstyledcontent_acctables_headerpos"/>
			<label index="tt_content.tx_cssstyledcontent_acctables_headerpos.I.0"/>
			<label index="tt_content.tx_cssstyledcontent_acctables_headerpos.I.1"/>
			<label index="tt_content.tx_cssstyledcontent_acctables_headerpos.I.2"/>
			<label index="tt_content.tx_cssstyledcontent_acctables_nostyles"/>
			<label index="tt_content.tx_cssstyledcontent_acctables_summary"/>
			<label index="tt_content.tx_cssstyledcontent_acctables_tableclass"/>
			<label index="tt_content.tx_cssstyledcontent_acctables_tfoot"/>
			<label index="tt_content.tx_cssstyledcontent_section_frame.I.0"/>
			<label index="tt_content.tx_cssstyledcontent_section_frame.I.9"/>
			<label index="tt_content.tx_cssstyledcontent_tableparsing"/>
			<label index="tt_content.tx_cssstyledcontent_tableparsing_delimiter"/>
			<label index="tt_content.tx_cssstyledcontent_tableparsing_delimiter_colon"/>
			<label index="tt_content.tx_cssstyledcontent_tableparsing_delimiter_comma"/>
			<label index="tt_content.tx_cssstyledcontent_tableparsing_delimiter_pipe"/>
			<label index="tt_content.tx_cssstyledcontent_tableparsing_delimiter_semicolon"/>
			<label index="tt_content.tx_cssstyledcontent_tableparsing_delimiter_tab"/>
			<label index="tt_content.tx_cssstyledcontent_tableparsing_quote"/>
			<label index="tt_content.tx_cssstyledcontent_tableparsing_quote_double"/>
			<label index="tt_content.tx_cssstyledcontent_tableparsing_quote_none"/>
			<label index="tt_content.tx_cssstyledcontent_tableparsing_quote_single"/>
		</languageKey>
  </data>
</T3locallangExt>
