<?xml version="1.0" encoding="UTF-8"?>
<T3locallangExt>
  <data type="array">
    <languageKey index="eu" type="array">
			<label index="ALL_tables"/>
			<label index="execlistqu_maxNumberLimit"/>
			<label index="execlistqu_structureToBeExported"/>
			<label index="export"/>
			<label index="exportdata_advancedOptions"/>
			<label index="exportdata_badPathS"/>
			<label index="exportdata_filePreset"/>
			<label index="exportdata_messages"/>
			<label index="exportdata_problemsSavingFile"/>
			<label index="exportdata_savedFile"/>
			<label index="exportdata_savedInSBytes"/>
			<label index="filterpage_structureToBeImported"/>
			<label index="impexpcore_displaycon_controls"/>
			<label index="impexpcore_displaycon_currentPath"/>
			<label index="impexpcore_displaycon_insidePagetree"/>
			<label index="impexpcore_displaycon_message"/>
			<label index="impexpcore_displaycon_result"/>
			<label index="impexpcore_displaycon_size"/>
			<label index="impexpcore_displaycon_title"/>
			<label index="impexpcore_displaycon_updateMode"/>
			<label index="impexpcore_printerror_description"/>
			<label index="impexpcore_singlereco_descr"/>
			<label index="impexpcore_singlereco_exclude"/>
			<label index="impexpcore_singlereco_filename"/>
			<label index="impexpcore_singlereco_forceUidSAdmin"/>
			<label index="impexpcore_singlereco_ignorePid"/>
			<label index="impexpcore_singlereco_importAsNew"/>
			<label index="impexpcore_singlereco_insert"/>
			<label index="impexpcore_singlereco_outsidePagetree"/>
			<label index="impexpcore_singlereco_respectPid"/>
			<label index="impexpcore_singlereco_softReferencesFiles"/>
			<label index="impexpcore_singlereco_title"/>
			<label index="impexpcore_singlereco_update"/>
			<label index="impexpcore_singlereco_value"/>
			<label index="impexpcore_softrefsel_editable"/>
			<label index="impexpcore_softrefsel_exclude"/>
			<label index="impexpcore_softrefsel_record"/>
			<label index="import"/>
			<label index="importdata_action"/>
			<label index="importdata_allowToWriteBanned"/>
			<label index="importdata_areYouSure"/>
			<label index="importdata_browse"/>
			<label index="importdata_description"/>
			<label index="importdata_doNotShowDifferences"/>
			<label index="importdata_email"/>
			<label index="importdata_enableLogging"/>
			<label index="importdata_failureNoFileUploaded"/>
			<label index="importdata_file"/>
			<label index="importdata_force_all_UIDS"/>
			<label index="importdata_force_all_UIDS_descr"/>
			<label index="importdata_fromPathS"/>
			<label index="importdata_greenValuesAreFrom"/>
			<label index="importdata_icon"/>
			<label index="importdata_ifYouSetThis"/>
			<label index="importdata_ignorePidDifferencesGlobally"/>
			<label index="importdata_import"/>
			<label index="importdata_importOptions"/>
			<label index="importdata_messages"/>
			<label index="importdata_metaData"/>
			<label index="importdata_metaData_1387"/>
			<label index="importdata_newImport"/>
			<label index="importdata_no_accessible_file_mount"/>
			<label index="importdata_noteNoDecompressorAvailable"/>
			<label index="importdata_notes"/>
			<label index="importdata_options"/>
			<label index="importdata_packager"/>
			<label index="importdata_preview"/>
			<label index="importdata_saveToFilename"/>
			<label index="importdata_selectFileToImport"/>
			<label index="importdata_structureHasBeenImported"/>
			<label index="importdata_success"/>
			<label index="importdata_thisIsDisabledBy"/>
			<label index="importdata_thisOptionRequiresThat"/>
			<label index="importdata_title"/>
			<label index="importdata_update"/>
			<label index="importdata_update_299e"/>
			<label index="importdata_updateRecords"/>
			<label index="importdata_upload"/>
			<label index="importdata_uploadFileFromLocal"/>
			<label index="importdata_uploadStatus"/>
			<label index="importdata_writeIndividualDbActions"/>
			<label index="makeadvanc_excludeHtmlCssFile"/>
			<label index="makeadvanc_extensionDependencies"/>
			<label index="makeadvanc_selectExtensionsThatThe"/>
			<label index="makeadvanc_softReferences"/>
			<label index="makeadvanc_update"/>
			<label index="makeconfig_1Level"/>
			<label index="makeconfig_2Levels"/>
			<label index="makeconfig_3Levels"/>
			<label index="makeconfig_4Levels"/>
			<label index="makeconfig_anSqlQueryReturned"/>
			<label index="makeconfig_clearAllExclusions"/>
			<label index="makeconfig_excludeElements"/>
			<label index="makeconfig_expandedTree"/>
			<label index="makeconfig_exportPagetreeConfiguration"/>
			<label index="makeconfig_exportSingleRecord"/>
			<label index="makeconfig_exportTablesFromPages"/>
			<label index="makeconfig_includeRelationsToTables"/>
			<label index="makeconfig_includeTables"/>
			<label index="makeconfig_infinite"/>
			<label index="makeconfig_levels"/>
			<label index="makeconfig_maxNumberOfRecords"/>
			<label index="makeconfig_noExcludedElementsYet"/>
			<label index="makeconfig_noTreeExportedOnly"/>
			<label index="makeconfig_onlyThisPage"/>
			<label index="makeconfig_pageId"/>
			<label index="makeconfig_record"/>
			<label index="makeconfig_relationsAndExclusions"/>
			<label index="makeconfig_showStaticRelations"/>
			<label index="makeconfig_tablePids"/>
			<label index="makeconfig_tablesOnThisPage"/>
			<label index="makeconfig_tree"/>
			<label index="makeconfig_useStaticRelationsFor"/>
			<label index="makesavefo_areYouSure"/>
			<label index="makesavefo_delete"/>
			<label index="makesavefo_description"/>
			<label index="makesavefo_downloadExport"/>
			<label index="makesavefo_fileFormat"/>
			<label index="makesavefo_filenameSavedInS"/>
			<label index="makesavefo_load"/>
			<label index="makesavefo_maxSizeOfFiles"/>
			<label index="makesavefo_merge"/>
			<label index="makesavefo_metaData"/>
			<label index="makesavefo_notes"/>
			<label index="makesavefo_outputOptions"/>
			<label index="makesavefo_presets"/>
			<label index="makesavefo_public"/>
			<label index="makesavefo_save"/>
			<label index="makesavefo_selectPreset"/>
			<label index="makesavefo_t3dFile"/>
			<label index="makesavefo_t3dFileCompressed"/>
			<label index="makesavefo_thumbnail"/>
			<label index="makesavefo_title"/>
			<label index="makesavefo_titleOfNewPreset"/>
			<label index="makesavefo_update"/>
			<label index="makesavefo_uploadThumbnail"/>
			<label index="makesavefo_xml"/>
			<label index="tableselec_configuration"/>
			<label index="title"/>
		</languageKey>
  </data>
</T3locallangExt>
